exp,result
3,0.00022887532756879492
4,0.00027761337763770877
5,0.0005829066082437134
6,0.0053728020011974825
7,0.00620161759355103804
8,0.008576118784721835
